,A,B,C,D
2000-01-01,0.36894488793280045,-0.44084394158769213,-0.6086388545845359,-1.9179704058186788
2000-01-02,-0.2418600404492356,-1.4961979120336324,-3.34706152992174,-1.8284817869681411
2000-01-03,-0.41651477907705364,-1.3024760255483545,-3.651109540534761,-0.23842644733154295
2000-01-04,0.632475570825199,-1.777322956544134,-4.073499061997479,1.179260012607641
2000-01-05,1.4297747179155194,0.09848969580754807,-4.446400245226144,0.14812523430283253
2000-01-06,2.07335268195194,0.6153120714005691,-6.677868913561456,0.6669981741229116
2000-01-07,3.4754734108739425,0.16886851313717982,-6.0646682810949235,1.3809132453279833
2000-01-08,3.713825365411058,2.3042706338586845,-5.863615363913537,2.811249132096391
2000-01-09,3.458773037417479,0.2709301269500375,-6.897963680668637,4.139887397640065
2000-01-10,3.577195200918195,-0.7961570450308126,-6.9063574150195235,3.46401808833968
2000-01-11,4.790034355915425,-0.9467578597695994,-5.7271081625583244,2.4375249650607804
2000-01-12,3.81864894248728,-1.7189665991234895,-7.296769914245006,3.323967402133824
2000-01-13,3.4155763403329633,-1.1157086540486305,-7.285835757472383,3.518615232377892
2000-01-14,4.278380557244443,-1.4885498329484688,-8.133333597340314,3.8450403014379066
2000-01-15,4.506625044820821,-1.5299859412230188,-8.838059902259403,5.482372180232467
2000-01-16,4.708201094874615,-1.125234027080357,-11.69535611255699,5.665786450465901
2000-01-17,5.0841894053664625,-0.08055073856788075,-12.316745247372973,6.369027376470824
2000-01-18,4.442065040396034,-0.8502666051911156,-9.743200993588095,5.9549697130812165
2000-01-19,6.21983754083206,-2.0900267654677487,-9.124648848475543,5.366866255696445
2000-01-20,6.782476327568279,-1.0383208495260183,-9.448074275069612,4.490931901221501
2000-01-21,8.746975483659613,-1.740829493320387,-7.863316382967334,4.513213338461149
2000-01-22,9.222290633284787,-0.8746208934090003,-7.107909725224629,2.935039901249868
2000-01-23,10.48001401198635,-1.4140113583063498,-7.838448669594292,1.832311215311813
2000-01-24,11.405831990967476,-0.29803490067466876,-8.842283784313597,2.804385864015233
2000-01-25,10.33169876183579,-0.19502425078419128,-9.712548968326766,3.2735317031816993
2000-01-26,9.354735492396108,-0.21879633665890005,-9.037289688518731,4.25116640668245
2000-01-27,9.621214965965319,0.7309257031459183,-8.750871441540358,4.451339265777914
2000-01-28,10.65532775262269,-0.6328759246417835,-7.320834027884871,5.424657511954134
2000-01-29,10.995095683804784,-0.8148903850180218,-6.250718958201081,5.820825035667525
2000-01-30,10.766131039383005,-0.7099818575691348,-5.804907259209255,6.239374988936057
2000-01-31,11.515212765051395,-1.007461147987861,-4.4558375630801645,6.649370241989177
2000-02-01,12.933131085027524,-0.6839512417914518,-3.6261233766224192,4.573222819843192
2000-02-02,13.604242941134263,-1.2490723251690534,-3.9137084197354146,5.5702260841673965
2000-02-03,15.385732855497835,-0.7109383871832987,-4.811801125757802,5.319269724002317
2000-02-04,15.48242903019861,-1.2814783096237603,-5.875054030660077,4.109275036366239
2000-02-05,15.626525120387816,0.28917145341658523,-6.494463172751883,5.5850101321168335
2000-02-06,15.713714226655924,-0.07470819201609047,-4.6807136621566,6.440205050396312
2000-02-07,13.863546353594007,-0.2875776461901388,-5.059393455485215,10.412683098964418
2000-02-08,15.390771098471976,-0.6591416704665363,-3.9248385065603406,9.34829925016309
2000-02-09,13.51417222893897,0.028659552021532364,-4.760981879025427,8.82222496665249
2000-02-10,13.520757625609649,-0.3935673951339529,-3.6965535159627776,9.410774594227885
2000-02-11,14.787535135391018,-2.0199792494198627,-2.177943297752491,9.718706772054187
2000-02-12,14.675029408929744,-2.4199930752601753,-3.5024448966011863,9.45403795078161
2000-02-13,14.643080632457872,-2.445872074436569,-5.06835407757368,8.871368209677208
2000-02-14,14.717611779715538,-3.3068951048541457,-4.940030015543032,8.02596664722639
2000-02-15,15.75856091198158,-2.9979250821193193,-5.076771581906584,7.160394382359439
2000-02-16,15.41661251648043,-2.8113591275369627,-3.273599617642544,7.048031687260763
2000-02-17,14.182636786934715,-2.488820196833986,-5.090533512756958,6.528553448764764
2000-02-18,14.939759521965014,-2.851141727820389,-4.96616717500569,6.903941194284676
2000-02-19,14.416894703164928,-1.1950707100758997,-6.359377055451612,6.422901247010504
2000-02-20,13.19116107555644,-1.0148851472562679,-6.240601821463018,6.474679426831829
2000-02-21,14.158124291549413,0.3048527016290745,-4.585890509630325,7.178266818748693
2000-02-22,14.837314777661927,1.0181531413931189,-4.095539402842835,7.566448033774233
2000-02-23,14.182944820793335,0.5309263757072036,-3.3930052614390145,6.662436525801042
2000-02-24,14.974157849258283,1.3963045789864041,-3.323057439417733,6.846589891596715
2000-02-25,16.456972056621776,1.2625975610288418,-2.4399032845086492,6.898174179245798
2000-02-26,15.93040553556654,1.4575980040903056,-2.5631783153868923,5.156635407556133
2000-02-27,16.453574690344862,0.033715227886131904,-2.3850593223039236,5.168118786648955
2000-02-28,15.218252336041322,0.7348599583102322,-0.8347076550336445,4.660369232666043
2000-02-29,14.454612118538758,0.5281513446969941,-0.1166237881798382,4.741113625359878
2000-03-01,13.9213813332773,1.5700008961986567,-1.8294528170969926,6.269250980922399
2000-03-02,15.162481854072706,1.3895667641701657,-1.7267424240897118,6.405716167151922
2000-03-03,16.02311850284086,0.18565120513007893,-1.9290610993552808,5.367912431019773
2000-03-04,16.96889268857854,1.7126836179293758,-1.207412408154595,5.990285415956666
2000-03-05,16.94599131878293,-0.21783513710582936,0.29279437778801376,5.484877043237908
2000-03-06,16.820834324538232,-0.3142082218412312,-0.013353737291358747,5.759680808604661
2000-03-07,17.04002453925176,-0.9988311918210346,-0.15679946854835414,5.83880610723783
2000-03-08,16.35344535083722,-1.1041814271533708,0.3780537047005449,5.080111526902243
2000-03-09,16.529117317343413,-0.2086055457696332,0.8710577220936513,4.3367612353358975
2000-03-10,17.424216445157946,-0.6839161726496998,1.429509342174514,6.381847876000836
2000-03-11,17.154770047741497,-0.027011821066591057,1.058075938272495,5.041789688217941
2000-03-12,18.307365435297697,1.0023978847421808,2.030179822937637,4.126213957148663
2000-03-13,17.644662947626028,0.09349500009588085,1.1569894364169748,5.305912950871918
2000-03-14,18.068649828137318,-0.8656608611011997,0.4333741004305598,4.129069891475249
2000-03-15,17.68777486110373,-0.7292780475191013,1.3479184941116895,3.6918360346637225
2000-03-16,17.366252509045726,-0.8495474669478116,2.633556296167605,4.819637338682343
2000-03-17,17.720049623007885,-1.6894802340039332,3.5202185541266933,3.808357277545621
2000-03-18,18.067975500593466,-1.8294922051945162,2.8217432019568207,4.13615694623394
2000-03-19,17.567901061012655,-0.7682246960290018,3.7872168416214502,4.061848218049948
2000-03-20,16.708564230138613,-0.8114340234602376,5.517151946524872,3.0648974676706824
2000-03-21,17.45849790612793,-2.2106755198642367,6.085034000830763,2.392698587545304
2000-03-22,17.034539741386123,-2.222348003220423,5.866525226948495,2.6458368076899577
2000-03-23,18.083375004534766,-2.805950926244975,5.4864057306434155,3.6488381039697546
2000-03-24,18.262557536434223,-3.2774988676036347,6.1217257362959945,2.391823993114759
2000-03-25,20.111022804416535,-1.8416389473017531,7.017983099914621,4.220665292415204
2000-03-26,20.245211377183686,-1.8957233635649016,7.049244961559954,3.4085543174603314
2000-03-27,21.247066783196402,-1.3459255774328625,7.421959761408338,3.080887472773672
2000-03-28,21.049906967008692,-0.8373528387889382,9.804916865889453,1.2800704264256184
2000-03-29,20.99664575343786,-0.4151136983797871,9.969617913635512,4.106022803637234
2000-03-30,22.157041487244992,-0.20883891276084793,10.541990175181576,5.26742420551108
2000-03-31,22.046328825711385,0.45614072777283693,11.081191724015508,7.474754652943179
2000-04-01,21.686520044040872,1.207411544780342,12.387052139768011,7.4413490768878106
2000-04-02,22.755916780850747,1.8503123111122006,12.459912527598002,7.665958450514344
2000-04-03,20.61139130317513,1.0167239976098315,10.963852074088129,9.069196796478007
2000-04-04,20.473742778123665,0.5172209484233616,11.388589245398082,10.815416704636606
2000-04-05,21.982594509057044,0.24588323334999101,9.638081893302086,11.800738697530456
2000-04-06,21.225996820520713,1.962062313652879,8.845387630498486,13.038958929726997
2000-04-07,20.535270587025003,2.7119198363886214,9.119530235984316,14.360986280711058
2000-04-08,18.803349164228145,3.7431053621156054,10.212809939401698,15.077568750121692
2000-04-09,19.404605426796216,3.549794546332546,10.888785403175271,15.06007284582383
2000-04-10,19.29232646846797,3.869514306716515,10.138995194263837,14.787854968507837
2000-04-11,17.602444112474462,3.8029592697935124,10.48613385134812,16.726405557616452
2000-04-12,19.186883915651258,3.369712166855191,10.665157839673851,19.46486091563828
2000-04-13,18.32845604174989,4.591603486304661,12.301191075570234,18.503139313355405
2000-04-14,19.646584939083024,4.702681766134182,12.476649542155062,18.469549792617496
2000-04-15,20.497214343222034,3.702327866472907,11.634250634240217,18.183267153219923
2000-04-16,19.30646975266584,4.0159531469902285,11.32861203303927,17.46085484348274
2000-04-17,20.207120214317026,4.595258817277409,10.139989318502227,15.665732299901633
2000-04-18,20.050446567282027,6.8047955800899995,11.074255549089917,15.461814087983447
2000-04-19,19.91213227079415,6.464231193375588,10.647921016421416,15.7805302575191
2000-04-20,20.037088411014462,6.01412568858398,10.402546687434633,15.731918169978595
2000-04-21,20.430105154950713,5.23969842293613,10.757171195212626,16.364288908620104
2000-04-22,21.02329683210265,4.354774360543874,10.76108770837341,15.92866497850011
2000-04-23,21.268289127351863,2.52583323057047,11.10408799273551,17.801061362012728
2000-04-24,21.09612925282421,3.5853629680122014,10.926194198337015,18.003625074020665
2000-04-25,20.15912525741431,4.515740582614393,11.356875122841767,20.188472948409178
2000-04-26,18.98959577138907,3.819031477378619,12.755704701444529,19.237779526839546
2000-04-27,17.295710325301272,4.7245924649486515,13.780484268132069,20.11061996453643
2000-04-28,17.589378973892504,6.446127803622089,13.948542444099358,18.419816758735905
2000-04-29,17.135412378432356,7.782971689185725,15.776965504735152,17.391052596876975
2000-04-30,15.63553081199294,7.4369891291492465,16.992766176943242,16.812602827806874
2000-05-01,16.065185287866893,8.099669941683816,16.33484150559106,16.891633157116992
2000-05-02,18.172259561898493,8.68697166365199,16.52849484035302,15.803122282937053
2000-05-03,18.817598606565866,8.124060568505836,17.746478133741437,16.03591493826933
2000-05-04,20.06936739372505,6.757071135175028,19.45562593532173,16.951890695976783
2000-05-05,21.743310578549586,7.524500178742008,18.983180068728863,17.023350471578386
2000-05-06,21.676984585597545,6.280351911718582,19.171094871864316,16.59740536145835
2000-05-07,21.54528341282728,6.888899271983879,19.945124868292535,15.705674220669357
2000-05-08,21.062841764220444,5.095585492090141,20.526312675031242,15.747781930541011
2000-05-09,20.380866756405613,5.743647369471792,22.035852674786415,16.91871837062739
2000-05-10,21.90295695743528,7.156871694240439,20.89764446289775,19.37257333801997
2000-05-11,21.54234662453965,5.861837021217353,20.668194268388184,17.86236867853821
2000-05-12,22.184166426433563,4.464470105549939,21.95943095007837,17.64317335468851
2000-05-13,22.446932280020917,5.163568092963914,21.73270009130727,17.157320179773812
2000-05-14,21.05289793347699,4.88620967083517,23.21796752853821,19.76743634055497
2000-05-15,21.312101579327248,4.585907058346148,23.393915483753453,20.094658412986206
2000-05-16,21.738402764143853,6.135908344581335,22.87495511077359,20.954342747194694
2000-05-17,21.42335948596049,6.4261994899405614,24.24757539788553,21.370681739231554
2000-05-18,20.391434574472818,6.6187076809649135,25.740104703865633,20.523353373185
2000-05-19,21.783692648408874,7.865870004346676,25.93341036421114,19.335978055043885
2000-05-20,22.210939312551364,7.642858865089541,24.07806880687593,18.956040895536702
2000-05-21,22.02980868147576,8.018333812643133,23.40717039345472,20.51064655912282
2000-05-22,23.255787947244798,9.114435611153281,22.834482446476578,21.05847772221926
2000-05-23,23.491855174098607,9.223632990891543,21.08560637985715,21.601430611513322
2000-05-24,23.280540229891702,6.533974198699266,20.363154311521278,22.155524033518542
2000-05-25,23.18058676360125,6.716533996277196,18.52516124015053,21.542783270810954
2000-05-26,24.160927746214146,6.047404455064182,19.275185734289984,21.65667829378176
2000-05-27,23.35981069224954,7.641336995274952,19.462403991759537,21.022976315714804
2000-05-28,24.29127074187182,6.121704548231036,21.034848872550835,21.502426290856754
2000-05-29,24.630062979890692,5.886447177725592,20.224047500169586,21.45286768674481
2000-05-30,23.99369694615294,6.0099958829044695,20.74467553949873,23.254692959435133
2000-05-31,24.438895697002582,8.76272572792115,19.917347180675318,23.77492985203216
2000-06-01,24.179415489232778,8.944117340478897,19.56826572560852,21.431234646913293
2000-06-02,24.94725112469033,7.908026715067689,19.343618657831907,18.73646155116321
2000-06-03,27.298468529649565,8.731331897516986,18.458105974984147,18.542831151001245
2000-06-04,28.92471661946004,10.098045312320863,18.353755090414943,20.53958466839121
2000-06-05,30.207039593487025,8.236207132142631,18.331574354924353,21.362439199115226
2000-06-06,30.43990641924217,9.82334479864184,18.62853384188995,21.173464186824063
2000-06-07,31.38486075828607,9.202028226215175,19.321512552856102,21.647643701600895
2000-06-08,29.734631690237617,7.893172638763879,18.955803149542636,21.544315414950816
2000-06-09,30.056817462917955,7.343234085743798,20.070553501654363,21.662761387263625
2000-06-10,28.692812078237466,8.284939544721421,19.1704871723491,20.769172336750774
2000-06-11,28.439891266832955,8.9937807543732,20.017609953827147,21.2103995545805
2000-06-12,28.253141630418472,9.247941098150218,20.192287685868692,23.705326680734686
2000-06-13,27.44732709630847,10.412608648504463,19.410901895833074,24.38827852838818
2000-06-14,28.38091276706498,11.970082500791673,20.349741569547707,25.555946289883188
2000-06-15,27.845973921148897,11.934007217423495,20.54083361851566,25.559618030490032
2000-06-16,27.958857206475628,12.29406220037275,18.897797812732684,24.918517413130996
2000-06-17,27.59846760472018,12.353705236941282,19.47265977316168,25.652901794861457
2000-06-18,27.98734970526058,12.191155417399951,21.15717592960997,25.273258959449244
2000-06-19,29.41855010594405,12.962117071229173,21.4247115585738,25.029530781740096
2000-06-20,27.721697609403417,13.808908928664732,21.25602697516968,24.422186067076936
2000-06-21,27.710270888447003,15.379265011501936,23.230053011797445,25.16328008131181
2000-06-22,28.644698478547102,16.962152684015372,23.28928416788827,26.883733584949905
2000-06-23,29.11306640365989,17.313798667513957,24.072547256930335,27.35958569724136
2000-06-24,28.872201031182048,17.447281321125185,24.015770414517082,27.66480667625405
2000-06-25,29.01749501937088,17.415612223894616,23.865169643910107,26.480818510244067
2000-06-26,29.089090509679966,15.29057307865879,24.379376593246924,25.650695177024684
2000-06-27,29.638934477323023,15.75227215769499,23.9164719027953,25.223754119043765
2000-06-28,29.666724820580644,15.821735160643692,24.740285823889785,25.12751579075569
2000-06-29,30.862294089316556,16.27002997320833,26.209942584299036,23.219487180326894
2000-06-30,31.822124747300997,17.136880580171354,25.28955073322123,22.620141339391694
2000-07-01,31.763578690123264,16.422180240092846,26.68000145825247,22.239269560601077
2000-07-02,34.69783217853587,15.927398641091276,27.83092378623441,21.408837879105903
2000-07-03,34.409622071484215,17.50907864923515,27.32218813211101,20.800433711582503
2000-07-04,35.351271108480844,18.380010533598263,27.27228260163177,20.639392068642874
2000-07-05,34.21493025678154,15.611240492969312,27.095816153649668,20.18692645031477
2000-07-06,33.7815549490819,16.807948865028397,27.630712244649743,19.581427576373773
2000-07-07,34.59970612575335,17.558926778634643,30.22100604200246,20.647794933081148
2000-07-08,33.219076638024966,18.55284583356335,28.989000747304285,21.734419644006763
2000-07-09,32.26838795429159,20.631366328217915,28.455799539803603,21.201164961396415
2000-07-10,32.39503044691964,19.162196776142856,27.892546752680857,19.773791735185487
2000-07-11,31.024240019097455,18.047301294539764,28.22624145422965,18.29046962840151
2000-07-12,29.348045906064826,17.534652277536274,29.222242117654492,18.901020713835283
2000-07-13,30.1090259868484,17.238260999881355,29.774443118754036,20.376607787539413
2000-07-14,30.53660423134148,17.195507812911423,30.67662634234479,20.64767839611981
2000-07-15,30.124130458943835,14.941855223290972,31.99816535698061,19.467174111696462
2000-07-16,31.18012471212947,16.44425243973616,31.31950407757354,19.54255030062635
2000-07-17,31.812931148736098,15.840103526806088,31.931867285929105,19.345468115246707
2000-07-18,33.67795707301211,14.719959912463734,30.16800075313298,18.187410876979747
2000-07-19,33.39645923399008,14.007692439902375,28.64419471385702,18.88726242829164
2000-07-20,33.498057345710244,13.290330962532197,28.769434868282325,18.823530757454385
2000-07-21,32.916364273939564,11.669210822919347,27.97561968727976,19.931855688336864
2000-07-22,33.09129779693808,13.290459661098012,29.139503536406767,19.026602625954045
2000-07-23,31.499732841019814,11.073196200456735,30.47070243625274,17.602648567118926
2000-07-24,31.257523398318593,10.2378334279526,31.423032799419502,17.707686022139164
2000-07-25,28.524049387580227,9.82010646375679,31.48505258503918,18.12488998195476
2000-07-26,28.025970026085073,9.087608142695192,30.99619214667675,16.85489674700447
2000-07-27,28.530075955148686,7.595156406549508,31.05969945822069,16.780976496782866
2000-07-28,28.535177657043768,8.611169565405953,30.39735635439834,16.29194417273673
2000-07-29,29.147968636297797,8.581436352243438,30.380677506626807,16.4480900635326
2000-07-30,27.16972027620583,7.584517644845438,32.21889688071037,18.91371370137891
2000-07-31,25.82450774320586,8.49621350980095,31.934736199584112,18.148475467506326
2000-08-01,26.49150538499232,9.780696685613583,31.720943149183746,17.776874350731134
2000-08-02,27.196403436962274,10.27335503027698,33.753991208214096,17.574116678054928
2000-08-03,25.998740361081676,11.736969406975952,33.83712827827416,18.8095054183543
2000-08-04,26.098065780059002,12.69795695034104,34.0995802587959,20.081813705069127
2000-08-05,27.800230293316332,13.72198468890819,33.47088200687812,19.420105948783373
2000-08-06,26.6173723888691,13.03986153162747,33.95359163623013,18.6527873256825
2000-08-07,27.231274070709038,12.452789849740798,33.71818639896137,19.68782649161442
2000-08-08,26.817380787074487,12.255444684926557,33.88665794230589,21.293019410578303
2000-08-09,27.217283218142505,13.206423598223253,32.4051392047448,19.346776724451562
2000-08-10,27.188744866448182,11.93509070935352,31.45488857266774,21.366611102135533
2000-08-11,25.877239688779312,11.196055684275628,32.041405901290766,21.059832480712483
2000-08-12,26.973156424092966,11.920974535365206,31.365705333307588,22.540936643214987
2000-08-13,28.418764473953416,13.022090244288371,32.26073645472024,23.096999723417266
2000-08-14,26.4023459460698,12.304306985007504,32.169556804866765,25.04043387944718
2000-08-15,26.588809979274593,12.411454635122434,33.501499877888165,23.93903631773487
2000-08-16,26.034416359419062,12.597778522907117,33.06380383408709,26.027721775281854
2000-08-17,25.8564906872549,12.639318616597755,34.92051469467118,26.370398139449364
2000-08-18,27.819660329813352,11.400133776845445,35.23762721309615,25.766203603331835
2000-08-19,26.72064490755904,12.047099593715501,33.94119571768375,25.426373251595678
2000-08-20,26.325419210272916,11.636673325118434,33.389744038602196,25.195057578901498
2000-08-21,26.237593480480562,10.91240534496819,32.85152980636413,25.138454811950528
2000-08-22,24.94773755413129,12.971003216321346,34.59380662517454,26.744348007711146
2000-08-23,23.651116847240445,13.568920638127684,35.242157286423215,26.45574215234822
2000-08-24,22.992106496381986,13.376076337788264,34.672892603611295,25.398751140513873
2000-08-25,23.770614061921304,13.643869435857972,35.41612597896881,26.68595846552524
2000-08-26,23.56616737680399,13.442152120828585,33.8593324669432,27.94840671665279
2000-08-27,21.757727272620997,14.241722040668748,34.018019574298364,28.172160009241924
2000-08-28,22.029631037465553,11.880006210754267,33.46243621106386,28.225722034324395
2000-08-29,22.623822350854578,13.033263749163002,34.947076177615465,28.971883615875008
2000-08-30,22.8353703589163,13.498554690660539,35.56832366310509,27.429282274690227
2000-08-31,24.86932791171449,13.997249197607891,35.74322429352626,27.36667123729891
2000-09-01,27.32515453191075,13.762956475445103,36.73657959171424,25.91620186414013
2000-09-02,26.90813365405339,12.000572044438455,35.433335254170714,25.101230768807508
2000-09-03,25.58340774970487,10.529196241581275,36.617639364051286,23.430060570915643
2000-09-04,24.765131436996445,12.424860603533544,38.39228150785392,23.300003699653278
2000-09-05,26.995523383813527,11.611038554737341,38.53911921850194,24.14909940720114
2000-09-06,27.570117219386454,10.187392004678689,38.117890763841714,22.182393307776376
2000-09-07,26.68464012142282,9.496824798251705,38.0912354059999,22.18773842027925
2000-09-08,25.949903197705265,9.952555776115714,38.41209064562847,20.481242151205336
2000-09-09,24.620688481271724,9.689714021603848,38.33141226790119,19.095581830349058
2000-09-10,24.237643770665283,7.736525987890676,37.21607613296765,20.01904441350816
2000-09-11,23.384517954971034,9.016722413459245,37.52083346910648,20.27941423451955
2000-09-12,24.743005943742705,9.19117700837682,37.00077792308941,20.43165957544255
2000-09-13,26.062334423468716,9.605273442634193,37.187922197100356,19.749254043532098
2000-09-14,25.42047791259139,10.167961719347662,37.50268234152737,19.35215064425715
2000-09-15,23.336351985209333,10.276923556904874,38.744377074969826,19.16482189295207
2000-09-16,23.319779084173984,9.345966911984965,39.30916651324156,19.673377949986776
2000-09-17,24.20579213656749,8.731827781981558,39.10352151965321,20.413534500221303
2000-09-18,25.71576937506984,8.741718218691986,38.72889593418742,21.76351434455676
2000-09-19,26.33903494203203,8.000407037924532,38.496069697548805,21.47602089693759
2000-09-20,25.820864235443807,9.74016419603254,36.66124938628958,21.72697849232265
2000-09-21,26.674914213131,9.465080855598051,36.794903199604754,21.48857084400525
2000-09-22,26.318829347389517,9.00183961886159,36.28526781461642,21.063502733337437
2000-09-23,26.203308040361932,7.194861846172159,36.22427704090387,20.431519297129714
2000-09-24,24.9543560844984,7.707805202105737,35.4002844898492,20.864205076964218
2000-09-25,26.160508422833175,7.2965225195536325,34.52130046165363,20.9828352213443
2000-09-26,25.289269264458113,9.191495278151109,34.91630243609695,21.130788894839352
2000-09-27,24.453486430437007,8.853662254857785,35.899124083615256,20.06901756070907
2000-09-28,24.826960137895863,6.8752957985589145,34.97123948080712,20.59098169419371
2000-09-29,26.589748166263973,6.626226196685647,35.82307128842569,20.767597887361628
2000-09-30,27.17539895236937,3.995379796950544,35.14406225997459,21.529767359531284
2000-10-01,27.654890886014325,3.0945354611573204,34.25837126744479,19.902616887573604
2000-10-02,28.683685927101973,4.5902887484964126,34.810847993531645,21.053815934438994
2000-10-03,29.286873637801268,5.511472333197647,33.1129202978762,21.035221171754102
2000-10-04,28.41490875399101,5.19254696392121,34.769123383162096,19.166434406746507
2000-10-05,29.105312968746077,5.948846310140224,34.881425899019426,17.49751416376196
2000-10-06,27.49556053506552,4.038198645595131,34.71329261881462,16.67152399668945
2000-10-07,26.20879806414171,4.629904159436474,34.2228404935456,17.218618894526763
2000-10-08,27.166141998084004,4.9555120174849225,35.61279287530885,16.935378770292097
2000-10-09,25.789694336118533,4.9195651967892475,34.9998008268903,16.616060966431558
2000-10-10,24.25010233929123,5.812484687928783,35.464629719473905,13.838319290560037
2000-10-11,23.038521814397164,5.914777799290746,33.878358455166584,14.843855792744243
2000-10-12,23.0692381204077,3.9148829858814613,33.44502453084227,14.102126809025094
2000-10-13,23.746744259371262,4.223081157912886,33.47312963735822,13.293471489713564
2000-10-14,23.78684723809115,5.076094536013094,33.81233503560662,13.652909005260213
2000-10-15,23.60444658067684,4.853991130642245,33.4937817288488,14.57387893206678
2000-10-16,25.393108102682177,6.8225760499562655,32.727290328088976,14.737619220694906
2000-10-17,24.99041411385041,7.547188486912155,32.8672111735505,13.590745709656472
2000-10-18,26.532330767549954,8.018647142695073,32.401761416789164,12.572715593306658
2000-10-19,27.813249500737108,7.777820830719695,32.80937376697516,14.728746087162628
2000-10-20,26.166955166126556,8.237857980124723,31.34391542229936,15.626586260679128
2000-10-21,27.683554555883653,7.460685875117193,30.71204223058737,15.350145848714906
2000-10-22,27.777590309329867,8.274464371823324,29.872769629691632,16.83743265313634
2000-10-23,28.334792362997934,7.786495895993541,27.773849087396467,16.448881353462635
2000-10-24,28.827712241542212,9.305523512298716,27.895678505795647,15.611418004182921
2000-10-25,29.00091241681233,8.564865764301857,26.76080143032182,15.576118378650152
2000-10-26,31.649591383702393,7.816606927752428,28.377612296019922,15.47958620087838
2000-10-27,31.96004321257592,8.427127628443477,29.691162588140177,13.999591766664008
2000-10-28,29.939288452544186,7.361817084666665,28.55936738189156,12.89536955436106
2000-10-29,31.38205140311533,6.982620775357716,26.955828627606635,14.441425151344816
2000-10-30,30.218612024077135,5.564087312738549,26.64394716877687,13.613833173375433
2000-10-31,30.794902828296014,5.572535207730843,28.38401719064297,13.146856386484988
2000-11-01,31.26667072687392,4.500402107021199,28.884348431839776,13.899269997336583
2000-11-02,30.735054385633084,2.783730658379212,28.745095904764423,13.603250354041673
2000-11-03,29.93477540998594,3.480591989403669,28.9558825080861,14.17324025190814
2000-11-04,31.35358444620929,5.29971334841779,30.30237999453071,13.229368979329491
2000-11-05,29.691990319564805,5.3385977971841765,29.097205667919013,14.296999388594408
2000-11-06,30.52442012250854,6.051428182059218,29.134491797628975,13.898757779153815
2000-11-07,30.655401390701513,6.911210061541655,28.609686205123,15.286919888800584
2000-11-08,30.957737790032414,7.772110420339821,30.004031906363153,14.105393223809372
2000-11-09,30.579815582762322,7.391570898623097,30.688636915934836,15.916874050440521
2000-11-10,29.249888928155116,8.17739075114708,30.436764580831692,15.571451255892779
2000-11-11,30.283527662176255,7.65321026393203,31.401781012983594,16.261538477769783
2000-11-12,29.956614444729457,7.4169637917030835,32.35889914576458,15.377047381709845
2000-11-13,29.75305640813145,9.215755723421328,30.8422744017572,13.539652270102568
2000-11-14,29.60148868657761,9.888428013743335,30.17062532470456,12.836889825056835
2000-11-15,28.906224103932658,9.792449329226395,30.136490316461963,14.084265263553023
2000-11-16,29.460546993783783,10.539916198646381,31.076902182877568,11.890088213206115
2000-11-17,29.559568914370868,11.358726768656703,32.56959456836371,10.620795005504228
2000-11-18,30.04657355047523,10.693217881288046,31.394617207658943,9.674348835479991
2000-11-19,30.81708607127378,10.89673555019466,32.22895351497215,9.422087450487972
2000-11-20,30.191495971931246,11.089160225722189,32.95811452392545,9.097196028596631
2000-11-21,29.19708071853874,11.195129910557698,32.91996286684224,9.882002159836256
2000-11-22,30.576592623016975,11.963292999060714,32.486237920529035,10.445917849932895
2000-11-23,29.082078552764386,12.589700543537164,31.541595805913666,8.970657185743109
2000-11-24,29.193361253772597,11.17175737393002,31.891648607688808,8.857281781084561
2000-11-25,30.37018336978915,10.681328257318398,31.489004900290407,10.225759396007879
2000-11-26,28.680169650627786,13.174994812954978,29.653849364284554,10.302597175438963
2000-11-27,29.284259984215705,13.498878426047302,30.167835810009777,10.831928576972848
2000-11-28,28.596610665576577,13.469327100946556,30.849478282606544,11.261703208805072
2000-11-29,29.247084140591564,13.973914489993955,31.289185251548187,11.06251867717249
2000-11-30,29.423798714322484,13.40316717342632,29.71662208016846,12.368006326493907
2000-12-01,28.15535971622551,13.059039749343082,30.62195465594995,12.980651867351874
2000-12-02,28.54553609585316,12.984513000035731,31.33656497477567,11.13868788599936
2000-12-03,28.7681645915942,13.252760584192284,31.54285900955626,11.36417492256363
2000-12-04,28.170202999410904,13.250965811256192,31.4185780245109,11.667455436551329
2000-12-05,26.712514440231836,11.48617062321539,31.3649942313385,11.279647547654298
2000-12-06,26.4319324654194,11.058221502038831,31.71692619287721,10.856535181752614
2000-12-07,26.12130022891553,11.490284377630429,31.89555264878875,11.036267255378048
2000-12-08,25.25196635430473,9.904309812188904,32.12481800309543,10.770130701959893
2000-12-09,24.952794947701634,6.893348423971844,31.48993174636861,10.53444370697871
2000-12-10,25.181259016852522,6.775238394821129,30.946566435919507,10.522317260642058
2000-12-11,26.33209943729448,6.88723535324573,31.564333128178696,9.32121112232214
2000-12-12,24.44859898653944,7.183589590873022,31.78675437783294,9.333456940201087
2000-12-13,25.21788713320506,5.470545066178792,33.28243877702556,9.991725308124263
2000-12-14,26.011059189828817,6.336666008655665,33.64173907425355,11.955970495216386
2000-12-15,26.988835232094914,7.79003654435167,32.85404102273339,11.385681981966856
2000-12-16,26.84185237427926,8.185001582334984,33.16249353721554,13.039463896667312
2000-12-17,27.138439024748905,9.868584936936507,32.88253402093522,11.693552798648996
2000-12-18,26.7265675156759,9.17320958740526,32.36432113213771,13.649872917430496
2000-12-19,26.052449675018778,8.650208193021683,32.7723909295291,12.555543718747042
2000-12-20,26.237111299213538,8.426432048175208,32.74421117352814,13.95768605009265
2000-12-21,26.771258635913124,11.152976189389781,30.89441108998011,15.998089555749203
2000-12-22,26.72838820013165,10.681305160308673,30.11491829788189,17.440691695137858
2000-12-23,26.587667942444693,9.808895844640832,29.711010185608746,17.687329143627615
2000-12-24,25.860731521808045,10.257128735308738,30.597933493313874,17.592507025278344
2000-12-25,27.40062105029219,11.66585637501865,29.377184315362523,17.234393066036134
2000-12-26,30.0712099306106,11.394606074993622,30.913946337120066,16.666413913381273
2000-12-27,29.766426134418012,10.0617538326804,30.721357844373756,16.204718321725746
2000-12-28,29.931796020163574,9.739467723632037,31.20665427834315,15.685819394975312
2000-12-29,29.45139854610963,9.712553419545799,32.13084556953559,15.275400835126424
2000-12-30,27.81393095263121,9.768791265172435,31.709863407913016,16.339097571736
2000-12-31,26.972004431560595,8.463385810318817,30.047572460758456,16.450557436581484
2001-01-01,27.453429031358066,10.464623374196252,29.430961814988287,16.063739851671773
2001-01-02,27.153814581092966,12.04570925425352,30.142510249319134,16.492166659172373
2001-01-03,28.53914638125144,11.237518139461075,32.596544980134084,15.597903203342451
2001-01-04,27.10056709580009,9.644611641513709,32.51266731302828,15.549279892932159
2001-01-05,26.26923161267988,9.59650551042443,32.37681556408607,14.857893313262196
2001-01-06,26.073316204181914,7.358477276971962,31.25436525006434,14.802892493307484
2001-01-07,26.070957014208783,7.088521073872319,32.37727517211589,15.865992521237077
2001-01-08,26.80744138478918,6.932905136925191,31.485330565921913,14.329396473891137
2001-01-09,26.916854230033906,7.761417352974778,31.46231605648447,13.762617270005524
2001-01-10,26.360886155658694,8.666817360483575,31.529283774916816,14.02431030661129
2001-01-11,26.22932220318312,7.771087227479626,32.51356803605433,12.349161267039241
2001-01-12,28.29620620783633,8.630291150594385,33.164459929871605,12.064433386040387
2001-01-13,28.52976666324154,7.091126927766929,31.36339325773824,12.495088848528896
2001-01-14,27.03291914487313,5.700869639336777,30.808160700926756,13.068530181628551
2001-01-15,25.96310005971883,5.775404921471537,29.751027040229836,14.828338713304033
2001-01-16,24.069100619031076,6.384160333362236,29.22130253209448,14.154642468937169
2001-01-17,24.36013512251287,6.318493145709875,29.071489589574266,14.492698162746038
2001-01-18,26.16143901194086,5.584549189812065,29.513605899664178,12.335205800756448
2001-01-19,26.539848102008023,5.3355505739841185,28.742698199746656,13.258464717424111
2001-01-20,26.23335802453158,4.233429009442648,28.927766107979103,12.719278283375326
2001-01-21,24.4965884908109,5.391832039566105,28.22196163151819,12.668606017267948
2001-01-22,22.764840095354906,6.895412970577581,28.829124066001782,12.650597684951782
2001-01-23,24.35530670648278,8.032387903202048,28.84515936107518,14.496843054153997
2001-01-24,24.10743924511194,7.840268837359557,28.123711057030988,14.568853742929168
2001-01-25,24.110548919704684,7.560226393263669,26.584489769822675,15.239331701611038
2001-01-26,24.284289966186957,7.705610431132515,27.56379329567452,14.276467907010996
2001-01-27,23.999996248876357,7.423910849780877,27.55081167800415,16.004867292696673
2001-01-28,22.480105254189628,7.125748882563594,28.885024875725314,16.76924341206548
2001-01-29,24.438730929871344,5.9623618601040835,29.476072561831703,16.97570105940588
2001-01-30,24.715231139316792,5.819248956649701,29.554996419196176,17.886354729270483
2001-01-31,24.419603683897193,7.174732768957272,29.612710953845173,16.87609364476344
2001-02-01,26.027267422828743,5.137333563137523,29.168096450245972,15.852589975077986
2001-02-02,25.694748068129016,7.263472295508489,27.851593894979775,14.603646279350667
2001-02-03,25.337906647306056,8.811517687215504,26.947169309417557,15.598093577721038
2001-02-04,26.840257940180255,8.011433733849655,26.061408218145065,16.053975103987227
2001-02-05,27.729915364605528,9.937012230948952,26.33804442847719,17.65911367752975
2001-02-06,27.003704847247647,9.282727482453598,26.73158533306907,17.861912918201597
2001-02-07,26.732124002674787,7.244177704077092,26.149502674196757,19.368383472285778
2001-02-08,26.8489319808445,6.809847232077845,25.159560240400268,18.83364959052991
2001-02-09,28.071214662006387,6.732961932245724,24.64965468969224,17.854016609282635
2001-02-10,27.858007800716326,4.72374512580676,24.62673705502936,18.318916618016218
2001-02-11,28.72042410265275,6.728404696443621,22.45481745232653,17.91582853542117
2001-02-12,29.223244724501733,5.126094944707219,21.788098802486463,18.610171967081474
2001-02-13,30.627633925739694,7.209167940774619,20.60350575354547,18.53562266528505
2001-02-14,30.3459637800629,8.670161159601793,21.324378462719896,17.610844419654295
2001-02-15,29.985635938550587,7.005830447293862,20.999602458288148,18.058277351231013
2001-02-16,30.01151510479515,8.733247287702126,20.78332945446211,19.27309397139476
2001-02-17,29.509096229645777,8.209693659504874,21.602587755520275,20.0403559488524
2001-02-18,29.327575577429222,8.60765070890754,21.33732716076904,21.87785541756021
2001-02-19,28.88514792624673,9.063512946625556,21.787953248194366,20.48004937844027
2001-02-20,28.105778558844715,9.07907378440494,22.19050269650576,20.857423479703126
2001-02-21,30.081320719254233,9.417393417202241,22.00657757910285,21.260333464995423
2001-02-22,29.568826102911355,9.384006647286013,22.23854201152207,22.045921663489594
2001-02-23,30.686603832869473,8.108389999622803,22.600855986181276,22.147244527855722
2001-02-24,31.449978046032243,7.887457828357495,22.201317514369528,21.399974488669613
2001-02-25,32.893988360369455,7.519788158530287,24.205848381148215,21.484599694574957
2001-02-26,32.20585972756856,7.349506925027118,23.731183393021553,20.840029532961452
2001-02-27,33.150452691946036,10.252686784627878,24.74958600858068,21.390611936688238
2001-02-28,31.861726962268754,9.749738844467277,25.295421555010645,20.357429561932197
2001-03-01,31.945275958348436,7.460140847563739,24.31498590526404,18.853461592109472
2001-03-02,33.66938842812294,7.570670292284836,25.95465783963555,20.082231912099367
2001-03-03,33.71834781545607,7.214578074396033,25.774031207364313,20.61047833145656
2001-03-04,33.08585962739634,6.544858258777053,26.770156455162873,21.274515692041444
2001-03-05,33.22470413124362,7.885876395079319,26.18633657623842,20.525378318799493
2001-03-06,31.954678328946944,6.8763899126501205,25.776464809967894,18.15585932866843
2001-03-07,32.434340165045455,7.008098330277551,25.760332491760042,17.98023069354538
2001-03-08,33.15891819960868,6.3389505945995595,24.69874953488311,18.049883676133184
2001-03-09,34.4980045961283,5.976276338864521,25.299484233443806,17.002957567704343
2001-03-10,33.454622626607446,6.94569555875452,25.118765075052593,17.16909449013398
2001-03-11,33.37416372149116,6.543676381444385,25.997814390108896,17.34416557701625
2001-03-12,32.20579282229976,5.703968373437111,25.24354433797316,19.419479456217775
2001-03-13,32.73575113348928,5.202000983770347,26.895516867223265,18.127379071781263
2001-03-14,33.505897597885244,3.4979836187442865,28.723766048514463,18.150088821261694
2001-03-15,34.35054934696426,3.6098624856220276,27.936775955975385,17.295941686182275
2001-03-16,34.70329593104654,3.2748414420639294,26.918043291324775,17.305797222953085
2001-03-17,35.05976938176109,1.9163021040500747,29.002560910041485,16.4937064748659
2001-03-18,35.66461155105173,1.733358997481111,29.010478861196113,16.08336353528114
2001-03-19,36.07906311448948,1.6909206705471673,28.629371566332658,17.556245533225027
2001-03-20,37.18213868363651,1.3377257602336425,31.265648974496642,18.315835399734105
2001-03-21,34.29454693575634,1.0601849065731117,31.850014610837345,19.591299057126378
2001-03-22,36.09464279677036,2.715060395257514,33.13577682388696,20.151024335345042
2001-03-23,35.73697853084729,2.8039496749909727,32.939103402827435,21.189803343676022
2001-03-24,34.747473191406186,3.0687106491397804,33.872925112634086,20.764825249356257
2001-03-25,35.47459784201519,2.0430387026461623,34.94303864453907,22.104500497607305
2001-03-26,37.23500121981267,2.7403117322403183,33.657517000912314,20.734914523126385
2001-03-27,36.31862258220614,4.264419587170201,34.61782074053427,20.544287456692462
2001-03-28,38.460661769375655,2.654516742937212,33.1733894254355,21.091313888354023
2001-03-29,40.382447130750585,0.40943186244629537,33.03744041867869,20.961386642097636
2001-03-30,40.28282126789601,0.6480035167979701,32.43254103054917,20.361894931536114
2001-03-31,41.80465582389294,1.028902507047408,34.03283745412569,19.204083657245285
2001-04-01,42.675619830409495,0.39083040634040556,34.3372163128096,19.472352244009855
2001-04-02,42.01035556993068,1.9883760507041,35.56555477189269,20.61537350784745
2001-04-03,41.78757828942847,2.231430164431163,35.31772031090955,20.64316979624465
2001-04-04,41.051180494760565,0.49744818832302595,34.81666354861147,21.050712407834123
2001-04-05,41.725781078408495,0.6050061656271426,36.314037941761114,21.068393979323798
2001-04-06,42.57149481141995,0.4003499152909735,35.105971073843705,21.30313933148622
2001-04-07,44.1178527216644,0.9106292070850153,36.05641419244325,21.552628690780313
2001-04-08,44.33842690084288,1.2800870145179006,35.72575280173495,21.44094272731994
2001-04-09,44.33157692006932,1.277129208250047,35.86274607196544,22.39868258136434
2001-04-10,45.3993979530265,2.521333850213379,36.50421166168739,23.362144619291108
2001-04-11,45.29517137112266,2.4703217183367028,36.542759842552066,24.316535921013465
2001-04-12,47.14854098415119,1.847168472243491,38.85197095511464,23.2215451037748
2001-04-13,46.22735904635369,1.0406915297936175,38.71545734534086,21.686643006807405
2001-04-14,48.92418929451682,1.0569547487549933,38.21694736509706,21.070271981958864
2001-04-15,48.33419339662056,1.3009280724089538,37.97905973372398,20.038188719012698
2001-04-16,48.34004032170158,2.1490814796587157,38.38448511126007,20.3398049036945
2001-04-17,46.87769471211147,2.5967826618031298,38.30439361789097,22.637931765875088
2001-04-18,47.5725280667686,2.118522401008447,38.54174255620348,21.471518086342297
2001-04-19,47.53929773246689,2.4533633553728222,39.75449572464302,21.378643031055496
2001-04-20,47.21470955663026,2.168401166420474,39.319651361520215,23.265767715946062
2001-04-21,48.494527448991,1.405096963774231,41.37964024545004,22.97791688733915
2001-04-22,50.2194826386403,0.6618446468310848,40.711016285511704,23.163640908043064
2001-04-23,49.36535418725168,1.7777269756636507,41.6346686248213,23.519639702608316
2001-04-24,51.12659588980294,2.0819523352142193,40.84332041443713,22.409519450689746
2001-04-25,51.07776689682212,3.051146801158934,39.83735832116067,24.205805036968993
2001-04-26,50.22388608526759,3.359021036364908,41.96072510434206,23.149372687190905
2001-04-27,50.66302916052947,2.2476899476075936,42.90478973195212,23.964484603247854
2001-04-28,52.56082505498921,1.3303348126823105,42.946511710704456,25.27703320535479
2001-04-29,51.14696985063274,2.203783843170898,43.1903878764827,24.207299175342893
2001-04-30,50.92258930434304,1.4812943811152086,41.56789169354158,23.587467395422557
2001-05-01,50.121209167415,1.1791614248626356,41.51403802230141,24.223219636081872
2001-05-02,52.41381277188506,1.3085388411877654,41.115686421744265,24.22824102751969
2001-05-03,52.985813688199165,2.269063908564564,40.98605766151895,24.620990705410613
2001-05-04,52.806867678344474,2.6103826220337405,39.15871513324478,23.284387545422483
2001-05-05,52.676592857276276,2.92758134706206,38.558146340612744,22.42784668370514
2001-05-06,52.14234525461055,3.043113563957113,38.97913707533413,21.981621062264377
2001-05-07,51.777714914150586,3.6787951238351777,37.92944061818189,21.115379385082587
2001-05-08,53.38736542665038,2.2125556212318025,38.53779203648515,21.502463097746073
2001-05-09,53.56859189076179,2.496707430239694,38.355859982497535,21.32692370339791
2001-05-10,51.37236147614829,2.89365991935833,39.0739359245742,21.19396694210937
2001-05-11,49.34455041129499,3.6814613731428083,38.14263342223894,22.03032864263465
2001-05-12,47.52610623461743,3.1483365412570143,37.05494189335267,22.754708901914324
2001-05-13,47.43375974391741,1.549214849830381,39.7193651369492,21.810377865939884
2001-05-14,49.29937704828381,0.6691247124514601,39.55055144571724,23.865009255162832
2001-05-15,50.40086795383504,-1.3237795017689236,39.33900882370813,24.462863506282616
2001-05-16,50.480514424334785,-2.546601433698337,38.92593287350183,23.733166652184188
2001-05-17,49.83619033186611,-2.3431080709574856,39.18808897367522,23.985232179604438
2001-05-18,48.762089535894795,-1.2488340946863774,39.03635962802588,25.154329617063343
2001-05-19,46.61970533434044,-2.0147119298542093,37.24834650503141,24.868800713939677
2001-05-20,47.15104602477083,-2.2595386794806913,37.08305884639449,25.734119663275106
2001-05-21,47.34428824112028,-3.89465874194411,37.062147922572464,25.57871810400767
2001-05-22,46.91822312562311,-3.727565234578339,36.73393267746707,22.530075728911456
2001-05-23,47.25354786391889,-3.6526940974530846,37.442491186798144,21.45981392278229
2001-05-24,47.780468047067956,-4.76824253930478,36.9131848872174,22.57908432106421
2001-05-25,47.98513285855058,-5.056620608165747,36.52374349468875,22.104272828510986
2001-05-26,49.36838847063992,-5.613496243401743,35.91206463713843,21.88934977796511
2001-05-27,49.58463610015712,-6.187449108944313,35.217432836921546,22.711340399462976
2001-05-28,51.13203050653071,-7.091592995697614,35.154208935662744,20.464336643717225
2001-05-29,50.01854397272583,-6.796871444821721,36.39188952012564,20.48949276111676
2001-05-30,49.98799425270789,-5.679095243003087,35.67464257833165,20.458746901754715
2001-05-31,50.70769842826339,-5.4479474449071885,35.237729688618835,21.31736845065783
2001-06-01,49.68404127506687,-4.797318377869458,34.645144248567085,22.791392271743184
2001-06-02,48.474325556948266,-5.303522061351249,36.008989629537155,22.22655835072745
2001-06-03,48.83629008694562,-5.062619215451846,34.71696299932029,20.783806456645095
2001-06-04,50.398736242215094,-5.218779190815442,35.412265475971026,20.5198791848809
2001-06-05,49.40342515288586,-3.777126710142432,35.8992041319919,20.280949609553993
2001-06-06,50.068871670807916,-3.1728019239931124,36.820193075342246,21.014025131013685
2001-06-07,50.44490520385471,-4.957460379824898,34.53438228719578,19.79695471887455
2001-06-08,50.14631726247085,-4.842771175560897,34.55725314051292,21.012610956785917
2001-06-09,51.22376867480751,-3.595822394905963,32.67219480687346,19.807090344414057
2001-06-10,51.46988737338762,-4.2880173263675,32.13970607599995,20.62101947865788
2001-06-11,51.80836750143681,-4.467789584845217,30.61468030380823,20.5880847722321
2001-06-12,52.12145211138214,-4.675024423677954,29.729456341760763,20.56809215727326
2001-06-13,52.0361188760636,-4.036129528748671,30.35618040195739,21.063247343336315
2001-06-14,52.55941838946063,-3.7264648908069717,31.82976931878084,22.465240794881797
2001-06-15,54.42579701406559,-5.079903792153145,32.30950169511788,22.510503921345
2001-06-16,56.298940738749586,-5.129952068918164,31.260818182184007,21.600959848088458
2001-06-17,55.63517619081628,-5.9620486742652625,30.648491709593557,22.37872826847058
2001-06-18,55.138577447804266,-5.496616659899904,29.565209723080525,23.541339281097148
2001-06-19,55.54619863812664,-5.506483146851679,28.15383840618958,21.081979883042532
2001-06-20,55.61199417276759,-5.158549138341713,26.793757562881503,21.21897920083317
2001-06-21,56.35037465545011,-6.351619668605828,25.328775706581887,21.30814712547742
2001-06-22,56.02614555490324,-7.001794252501392,23.008573749171855,21.677675393886474
2001-06-23,55.12133324507596,-7.812787146080139,22.934361976735392,21.148845551614997
2001-06-24,54.803811974629866,-7.112039560371578,22.77249059995129,22.613983121508
2001-06-25,54.63490219420278,-6.833462593908047,23.482035866600167,20.783331822252833
2001-06-26,55.502445081269244,-5.3351945950274455,23.03574313167045,20.025154659833667
2001-06-27,55.92615556705239,-5.521077477483253,24.51721622084638,20.801506774666237
2001-06-28,54.71433544768979,-5.126984533162906,26.368112239433582,21.44922854364259
2001-06-29,54.61240401010828,-3.378030783123607,25.443887913667297,20.534405477924672
2001-06-30,55.116247750324895,-4.3520274580980205,25.3939813208638,21.220648975889418
2001-07-01,55.509457915256874,-5.593276398859571,26.263783163626904,21.80349538180184
2001-07-02,55.58853788138987,-7.01157162799683,25.686094407377567,22.31817293325542
2001-07-03,52.36845880792632,-5.972870233038819,25.673552418580943,23.790333889692505
2001-07-04,52.41804541144629,-4.675099382879156,26.51368341567704,24.646115373942813
2001-07-05,53.72251102442043,-6.380046813437703,26.27085507098821,24.882025346395405
2001-07-06,53.640058233078896,-6.880768873343056,27.303160878848995,25.8371554288684
2001-07-07,54.538356387610825,-7.6472450810337556,26.05744438860826,26.47928630236321
2001-07-08,53.179675135601904,-6.748614745437143,25.773872354863233,26.300320560198294
2001-07-09,52.453216332420446,-4.133859143675851,26.43532962987534,25.637598095351198
2001-07-10,54.25587972330612,-4.952338222149972,26.095911591187896,25.987767024354266
2001-07-11,54.80287511761067,-4.274020576219655,25.578240067941714,25.614150843143985
2001-07-12,54.55239364076911,-3.6607993389722737,26.15526206591247,26.48152890677574
2001-07-13,56.51769737130209,-4.3929234460348985,26.40827570790106,27.519507814994988
2001-07-14,55.27893498078785,-3.310194204929214,26.37606944459066,27.327428669872777
2001-07-15,55.016515457777516,-4.649136090213512,27.04870120298183,24.991072523995815
2001-07-16,55.706852572053144,-6.26139680259989,29.02770090908664,25.75092817063968
2001-07-17,56.34422191928831,-4.974384328573915,29.08341351500817,24.742834026192916
2001-07-18,56.762779688982285,-6.101538751637354,27.94525798041166,26.017899998797304
2001-07-19,56.54270606467089,-6.950084478091038,26.14727170500479,27.67450496468668
2001-07-20,55.230239481388644,-6.080844588626647,25.90948638038839,27.38399845309857
2001-07-21,55.039503119518756,-6.694266423857284,27.041603745156657,28.18675623439577
2001-07-22,56.069387972864405,-5.5847650932040835,26.5697976014169,28.23266956628585
2001-07-23,56.808773987877295,-3.818572094142505,26.748132084336547,27.957026784339316
2001-07-24,57.541257542162874,-4.684806115804912,27.493024315792148,25.804942395494454
2001-07-25,56.90692397812524,-4.461959680665878,28.128509301172034,25.783796223246398
2001-07-26,56.894732922363055,-5.73742482458775,27.663197314685615,25.34038825678053
2001-07-27,55.74944050089832,-5.9281521010545,29.87081735575805,24.73344027513339
2001-07-28,56.50128669169621,-4.2506912397352705,28.847077524186766,23.75875238529339
2001-07-29,56.79673056426754,-5.227493273578651,29.26838759960534,23.20835620308241
2001-07-30,57.10288935615159,-4.408435968569237,30.428490585194155,22.45698816296078
2001-07-31,56.83615708420017,-4.628306904399911,30.56090792860151,22.870173989897122
2001-08-01,55.705602597732664,-4.814145205895709,31.856784134301623,23.088764701152687
2001-08-02,55.69042454893733,-4.022488458126754,32.13173962653438,22.958302828784124
2001-08-03,55.415411238705275,-4.535809445198888,31.242560998849683,21.829476207141347
2001-08-04,56.29493765809753,-2.2311969632587245,31.804752072376345,22.69819657762457
2001-08-05,55.178594428443404,-3.7239103073167605,30.181227466963144,22.96504252279681
2001-08-06,54.82619786503591,-3.3984942610690583,30.665845172449128,22.78794402755602
2001-08-07,53.688382585532565,-0.962858835687836,30.69715406482622,22.52361146898242
2001-08-08,54.998835654623484,-0.0017244031946416216,29.796625261295006,22.776905856780516
2001-08-09,55.6868860493647,-0.4710996800233044,30.748665158600797,22.230332759412168
2001-08-10,55.942737809684466,-1.1403322339164355,29.681259496303987,21.523327561468268
2001-08-11,56.51194050136011,-2.42237707715746,29.59967340463704,19.224672749579135
2001-08-12,56.287457815055426,-1.954359337388669,29.540821695410308,20.672931680867798
2001-08-13,56.86410278736206,-1.494010356022079,31.418118093752014,20.24839250211079
2001-08-14,56.130892288850816,-0.8153817721160511,30.584679829936515,19.967238610904907
2001-08-15,56.73649377729736,-0.8843830826429204,30.04102185322488,18.739182057461143
2001-08-16,56.70490077778775,-2.2941767599320677,29.52758619713146,18.128906724663477
2001-08-17,56.75176438174203,-2.799178471646477,28.085132587006946,18.239368225188382
2001-08-18,58.1619521037229,-1.8833944071563236,26.37467084221106,19.074034343784326
2001-08-19,57.773747087115154,-1.4883542494047388,27.90549894387631,21.3035933927883
2001-08-20,57.60148185762312,-0.670883834072489,26.910939528006818,21.314009402851354
2001-08-21,56.819511391653215,-0.5440814630248492,25.552743843866814,21.855450830639555
2001-08-22,57.4812532047874,-0.8140398546782963,25.440968840909512,20.670910400019842
2001-08-23,58.42642411882986,0.7159436787342428,25.215619784540664,21.838207885653432
2001-08-24,60.804604735968134,-1.0048452700197064,25.124203093033685,21.43235839099601
2001-08-25,59.70988663725483,-2.349524116865373,21.930480342095677,22.880461936098598
2001-08-26,59.519135954049254,-2.776386849221545,24.626606338358997,23.641245785913675
2001-08-27,58.958881644484315,-5.9995647801666765,23.76579756568388,24.43716457643675
2001-08-28,58.59994655591771,-5.33005914287282,23.826585169355425,24.284817670093712
2001-08-29,59.485320534047176,-5.447509711948317,23.8729437501671,24.946482575693693
2001-08-30,61.32779822041558,-4.3814545757944465,23.845453429936967,23.69546323982412
2001-08-31,62.254650273454686,-6.95050247790183,25.28206677527823,23.866962604184074
2001-09-01,62.03974633624471,-6.029933818404045,25.749270457143272,24.824186080712494
2001-09-02,62.978443051938065,-6.835802259571718,24.623443546936546,24.535171771861258
2001-09-03,62.49634006978323,-5.926705370735487,24.2246947577808,24.169383054425428
2001-09-04,62.036162520171786,-7.835675625640356,24.59014174074971,23.98229632377434
2001-09-05,61.84592252460007,-7.48472759814946,23.79423108171283,23.728537215484064
2001-09-06,61.22780570030452,-7.095132383214508,24.05065631124785,23.887531213906442
2001-09-07,61.46307673412034,-8.315224799074374,23.70609396216115,23.339467382877746
2001-09-08,62.21836930623305,-8.791252382009553,22.994156195751465,23.539845930076947
2001-09-09,62.04482878822102,-9.053391358971433,24.974609622545586,23.624593333755346
2001-09-10,61.11237862352416,-9.514085284180926,24.825455066501302,25.37158734783496
2001-09-11,62.18855428323005,-9.722987849781136,23.500731391786267,24.279965157495173
2001-09-12,62.01166615703034,-8.685439819332352,23.216374084322197,25.365345653268644
2001-09-13,63.59599949762462,-9.157295312403404,22.218446275413683,25.473971499625684
2001-09-14,62.702796721508534,-8.777897365752706,23.55362202564117,25.87426812897843
2001-09-15,62.66512037531891,-8.474425958710773,22.72228474992167,25.691674977245082
2001-09-16,62.84523595602047,-8.019784130167272,23.20609302872569,26.885384254028406
2001-09-17,64.07006597843962,-7.306901807640248,23.725559223230725,24.96435714159345
2001-09-18,64.05376776486332,-6.374571179333783,23.6793305039727,25.95632374893067
2001-09-19,64.02455459762645,-4.326668128618964,23.668492901010392,24.727791495235525
2001-09-20,64.14688371939135,-3.068560716288242,23.15518255797577,25.56449116078102
2001-09-21,63.76952135566094,-4.025281504371012,23.554143218707054,24.15168409997698
2001-09-22,62.8414203731812,-4.786030239290967,20.88303334357262,23.175715998862994
2001-09-23,64.05112786123917,-6.770543110962594,21.70598251882973,24.356860389761888
2001-09-24,65.79494770181049,-7.089301802262314,22.355460982301654,24.212819474193743
2001-09-25,66.41570711071503,-6.830414249461369,23.301443958544226,24.14032759596328
2001-09-26,67.53119372579812,-5.67319658301499,24.35954167077482,23.10640060322841
2001-09-27,66.95309824369463,-6.341268850092087,24.697667379922507,23.098450966697463
2001-09-28,67.67975541178531,-6.247477918775484,26.912496333597492,24.631476081078464
2001-09-29,67.80087045486967,-6.8434882423152015,28.78404866689727,24.91330920408149
2001-09-30,66.83859005872468,-8.370621306222434,29.039890100289636,25.27877222918861
2001-10-01,66.72066693453223,-7.883073907051433,29.398440109027373,25.007261975364823
2001-10-02,65.03092839974654,-8.458504793120365,30.931090432956687,26.274852994042256
2001-10-03,66.00754408616694,-9.60720515840761,30.34798163508573,25.11344192542475
2001-10-04,64.05701740848872,-8.05585469131292,30.85108592333382,25.12399474297625
2001-10-05,62.95569090337941,-8.846865714373884,30.478713202888216,22.687604712015556
2001-10-06,62.72542118717522,-8.509130079355078,30.170616300202635,23.02016311079615
2001-10-07,63.174854063183744,-9.785178648482038,28.171038898147874,21.86259951628166
2001-10-08,63.45322247205485,-8.209641825174177,27.86155061951393,20.56571134061748
2001-10-09,64.70617255103535,-6.625139199477166,28.737547346603304,20.054321416662912
2001-10-10,65.95337809058927,-6.051906116081099,27.371517984508237,19.723141694518674
2001-10-11,66.9426881427683,-5.995645881015284,27.720747576029556,18.418929099614243
2001-10-12,65.73925608806059,-5.958231477927982,27.449207410647944,19.658167863580843
2001-10-13,65.70516646896552,-4.559744466334742,29.675710793119997,19.062445902529056
2001-10-14,64.11376139970248,-3.788108640856179,29.59262507442731,20.817148384902985
2001-10-15,65.76130813915043,-2.4088885728616014,30.88756012168908,20.47885273276393
2001-10-16,65.65247441748605,-3.329176611419374,30.39850619897628,20.465695800575084
2001-10-17,65.02562514668456,-3.5629219265073377,30.210278266434536,19.08113065979746
2001-10-18,64.77215351935044,-4.437467284289964,30.275987492006195,17.53174082791941
2001-10-19,65.95004927257372,-3.2122507521996093,30.81829716894105,17.28622203172712
2001-10-20,67.10350096782462,-3.4740619762580254,30.253023283467947,17.61653457897842
2001-10-21,67.1033012492057,-3.50744142966783,30.063800714391906,18.075593091232836
2001-10-22,68.98193552603907,-2.862384620361882,31.317874666320044,18.277241560978116
2001-10-23,68.99202546357851,-2.8149248264736544,31.561253257917098,19.0574645385598
2001-10-24,67.66515194584571,-3.19695554613603,32.749498982048145,19.814266806396255
2001-10-25,69.11714168805594,-3.9633924654377157,34.00233022473048,20.196224893347203
2001-10-26,68.93619732428479,-2.1441838014229933,32.50949294350448,19.160329201070912
2001-10-27,68.09998837577683,-2.4208804526470438,32.853038521998066,18.428894851063948
2001-10-28,66.96360270575504,-1.1664287828297875,32.04996937995218,18.047469005809855
2001-10-29,67.56075002429077,-0.92848080194466,31.89179908814038,17.443731012033176
2001-10-30,66.86356443528592,-0.8935474003669716,32.24583257169518,17.70690432714178
2001-10-31,66.47916708970423,-1.3952361004535456,30.270789461185792,17.63012953985772
2001-11-01,65.8487232304794,-1.848580125225038,30.658611367146094,18.926042540539857
2001-11-02,67.78185174631966,-1.6462615627200399,30.148670857123037,19.594149384159063
2001-11-03,68.20960991237588,-4.10737588738637,29.67043659673975,20.056076138719487
2001-11-04,68.94340545177138,-2.825580520143225,28.63477714762069,20.16795086016032
2001-11-05,67.9863389367494,-1.3998102411509128,27.765617159386544,21.32014468413969
2001-11-06,67.89820371053916,-2.416949292018973,28.012915037359043,21.413479579808254
2001-11-07,66.5065694937059,-3.889376303693118,27.178001499932858,22.884700552445352
2001-11-08,66.78025334831932,-4.716662194107592,27.04424938086035,23.256756480135103
2001-11-09,65.11783908353064,-4.672390003129743,27.164785948803075,23.99839344085336
2001-11-10,65.01789982955007,-2.8749232852746496,26.85363651793102,25.885254820143835
2001-11-11,64.23228614928601,-3.3251281349634882,27.80884082507305,25.15871771783036
2001-11-12,66.6001112111313,-2.466939283436058,27.66938893029088,26.118755871917063
2001-11-13,66.91384156720886,-3.2250805574060144,26.99469236403942,27.752615860461972
2001-11-14,67.0785760631743,-3.392691163288548,24.439018459122895,28.131259280372667
2001-11-15,66.42539067824094,-3.451979658127259,24.677537976751267,28.840168847356924
2001-11-16,66.18157314867997,-3.431885540295297,25.193861973216734,29.685689919119323
2001-11-17,65.91641068994207,-4.419480934465769,24.53580690788097,30.53031024380625
2001-11-18,66.27744459473028,-5.341703203018656,25.061864634095745,28.973858611422312
2001-11-19,67.91454945456975,-4.782130835698512,23.45396364660899,30.257741234859008
2001-11-20,68.1774707439452,-5.508694842170468,23.918403919103135,29.595560863353526
2001-11-21,65.6738096607708,-6.506416931657096,23.133711972219118,30.511676060956173
2001-11-22,66.29699478654594,-6.372697851526439,23.837186339123118,31.352731913174328
2001-11-23,66.6343616458752,-6.039456666896691,25.83654370146955,32.80538336448323
2001-11-24,64.79488946992772,-5.487758367350905,24.96468082654474,32.62885592161651
2001-11-25,65.05718983288916,-5.144321255406699,24.394368938802707,31.51397621810301
2001-11-26,65.3117685591896,-4.384949741270256,25.427522650630817,32.485593820581606
2001-11-27,65.69888131238338,-4.9852572863779585,23.218592208182272,32.21835228752135
2001-11-28,65.23182899360302,-7.400727716668706,21.622083057157923,31.801331533624413
2001-11-29,64.97741073120082,-6.943199905337454,23.224162260699124,31.904686782404248
2001-11-30,66.90378639506486,-5.3053568965703475,22.149707721955757,32.408808786382856
2001-12-01,65.59234681215479,-6.328902957156191,21.63658705516574,31.80341819953071
2001-12-02,66.08371906033898,-6.205982927777443,22.5845889231272,31.570009049172825
2001-12-03,65.56827959725304,-6.164850590080151,22.778878803353415,31.13486535502453
2001-12-04,67.13512180841377,-9.072534619642163,23.158858682505866,32.41512644799162
2001-12-05,66.67874197492367,-9.547495724488877,22.594977746045537,32.43365747345392
2001-12-06,66.43686369349714,-8.585300411019356,23.244553567450563,33.12335646556429
2001-12-07,67.4368389557344,-9.001322213375287,23.327343176132878,35.0879299790866
2001-12-08,65.25095662350411,-7.705500828899072,21.331956799403045,34.20015426418821
2001-12-09,66.12116386008563,-7.989528189056007,21.40508218163242,32.23698220622184
2001-12-10,66.21868126978706,-8.07692882214666,20.326343616262047,31.97971326079294
2001-12-11,67.3977989404272,-7.814241848011712,17.408312727679448,31.38301840962835
2001-12-12,67.81225059061548,-7.915964968953132,16.199417221576706,31.059275179049
2001-12-13,69.00522366960374,-7.553610434557519,15.894533475739511,31.815797018815676
2001-12-14,67.36841787901251,-8.48031266647931,14.595405361660825,31.650103947108946
2001-12-15,67.67222614861689,-8.010536073838356,14.239823942578175,32.31624214986517
2001-12-16,67.9493778774284,-7.405866340513366,14.136282545165107,31.41416725163143
2001-12-17,68.09729138480364,-7.256041475094746,13.926814693341841,30.86426421920263
2001-12-18,66.75684270319067,-8.324172160071162,13.62366489656979,30.013645909998306
2001-12-19,67.23288848008664,-7.352525391535511,14.157923199739438,30.59518383690347
2001-12-20,67.1575364893296,-6.589713124522108,13.096224230277828,31.89323500212168
2001-12-21,67.90179761008919,-7.186201255222232,12.070379781359705,33.229451958477696
2001-12-22,68.42571861695981,-6.2234309304128175,12.788396807349784,34.237985988448486
2001-12-23,67.15487838230659,-6.733009321711933,13.071961586855016,35.0272870370783
2001-12-24,67.10437383974833,-5.220991441072826,11.619667938915228,35.293330818772546
2001-12-25,66.85062505982727,-5.898537200463142,12.119870115105817,34.37321228531368
2001-12-26,66.79597764908145,-6.600793120846756,12.546391615023527,34.55412259190753
2001-12-27,65.99405579716257,-8.084034126602248,10.647136604391363,34.2676091586949
2001-12-28,65.57854962260524,-8.83651822664213,11.553206460926248,34.5860111804263
2001-12-29,65.7334043513896,-8.792772212644648,10.98262780610165,33.8650421822093
2001-12-30,64.45766101815782,-9.162395176070628,11.712679184463218,35.682985217857286
2001-12-31,64.15507673737605,-10.845755076978454,11.27642199021224,36.08056804349096
2002-01-01,63.341519041547414,-11.25541990266211,12.070687399948005,37.151359088140424
2002-01-02,62.724068189665886,-10.950338189229166,12.79882097328395,37.65328328001227
2002-01-03,61.79303137349424,-10.954910876927961,11.997571542370089,37.10020829514216
2002-01-04,62.93203728987021,-11.021009004490734,12.319769050906837,36.82610547589568
2002-01-05,61.82945943920882,-12.078726649057849,13.006651300114303,38.40992247642428
2002-01-06,62.02946466079593,-11.751366748488632,13.781101879412647,39.352860954293604
2002-01-07,62.79413933183564,-11.367205558476828,14.246521209344444,40.660008013127246
2002-01-08,63.57702007593187,-10.717032166998424,15.93094258135196,41.26940231453892
2002-01-09,63.540126560143115,-10.896231746846777,17.51365489819994,41.10291969283599
2002-01-10,62.89487894516242,-10.953316133379488,16.070580162472485,42.38937159276763
2002-01-11,61.759454774858554,-9.43387712613656,16.568402379862885,42.8119075017636
2002-01-12,61.22253695376748,-7.0909261021997185,18.480452757185283,42.826016269603954
2002-01-13,62.274525267064824,-7.522578763004098,18.756413716911048,42.18184574446296
2002-01-14,62.14573494340746,-6.474035564662213,18.10928671600613,40.654512661508434
2002-01-15,63.15282315928187,-6.727791769625031,19.316530337013816,40.33258788923634
2002-01-16,64.85348416795972,-7.603974655589957,18.85818296602803,40.87083461587298
2002-01-17,65.79777335129069,-7.430814557809736,18.13810633101492,42.84045882794176
2002-01-18,66.26457976533842,-6.463393081980085,17.45267285805784,41.627747075894455
2002-01-19,66.80068700533319,-6.157765961262231,16.357336393684225,40.8916222017284
2002-01-20,67.1292566546388,-5.886806599911677,16.555481579309436,39.97021523678185
2002-01-21,65.14133467961696,-4.746454552572015,15.696083768515807,38.78139693022508
2002-01-22,65.51323960334803,-5.0264061715362205,14.378183028542376,39.06286570960695
2002-01-23,68.70025429859368,-5.356825983645314,15.607265919676925,38.81946529561872
2002-01-24,66.826972772049,-5.779344075925352,16.02300275736167,38.29133518861231
2002-01-25,67.07308820771125,-5.7728336702309075,17.17978999380568,38.44291451521033
2002-01-26,67.07226324839597,-4.99479508048962,17.027971292085073,37.32774499512381
2002-01-27,66.6462244126819,-3.713090686820522,16.280382044651713,37.55828079809666
2002-01-28,66.66635473640086,-2.878119237188705,15.612489164719417,38.25396620232402
2002-01-29,64.19971956890221,-3.8677346226541136,16.00927917061834,36.78976671701384
2002-01-30,63.32970144279366,-4.355066032358152,15.781198187113638,36.49686340883081
2002-01-31,64.29547210979763,-4.37998413010172,16.776679677739324,35.72107725061589
2002-02-01,64.82505764313865,-3.5669830107349756,17.49041587699335,36.44696364194734
2002-02-02,64.75923985615383,-3.9556787085063556,16.21653824006752,37.029775276128824
2002-02-03,63.85702851659934,-4.29278338277094,15.070328260023995,37.419365421961295
2002-02-04,62.95201992038396,-5.1783509857318455,14.817887926911215,38.58809331344137
2002-02-05,62.820838321032646,-4.848395801913534,13.015433277324892,38.49411467154325
2002-02-06,62.0858769953689,-4.814445689268309,14.311864643133932,37.97157120602733
2002-02-07,62.55111243230128,-6.693607566998798,13.773888278531643,37.511993294968654
2002-02-08,61.38731343600179,-7.3731511366083655,13.87453144546643,37.64857640990221
2002-02-09,63.72930441570143,-7.008384607833453,13.843628416284972,38.957620976780035
2002-02-10,64.68117653691472,-6.604850017510557,13.097868126812024,39.59435952368615
2002-02-11,65.64198306617845,-6.128760927585514,13.588192425133347,38.30743350560838
2002-02-12,65.69502106958569,-7.396080042170896,12.672331811414182,38.60458131915337
2002-02-13,66.11345019385946,-7.3044881983909296,13.256680229510101,37.89524722138206
2002-02-14,66.18601562564021,-7.190615739429922,14.50883642506895,37.747312703277004
2002-02-15,64.79501955627046,-6.418832463146582,15.451352299991731,37.768778610187795
2002-02-16,63.95433947925858,-7.908691827406866,12.710597969965248,39.34730009665081
2002-02-17,62.416595987410105,-6.44294759299902,13.16992260171608,39.22459573954643
2002-02-18,62.160948941159724,-7.003567198640381,13.13234323353529,40.3297035288846
2002-02-19,60.36130084592007,-7.017353807325738,14.268762483282515,40.03556910399945
2002-02-20,60.01655955225381,-5.357892668006725,12.689535299284008,41.208186173023655
2002-02-21,61.68135280113346,-5.438797822331093,12.258672077328999,41.95032428757043
2002-02-22,61.16086326448386,-4.776834962063947,11.170082851226365,41.73665185870172
2002-02-23,59.56945540312586,-5.651336550553806,13.328681113722407,43.65039011915702
2002-02-24,58.65643880527367,-6.519807961833377,13.296192511859111,44.19544951286591
2002-02-25,58.52105844482981,-6.484831100263285,14.192803079388588,45.6404683670446
2002-02-26,59.83043362699934,-6.140449092806024,13.916463274857373,44.94146440148313
2002-02-27,60.13246334773973,-6.1786293121922,12.928257883008646,46.03684919987801
2002-02-28,60.65338515083888,-7.124557708334316,14.815735860066527,46.5221452750481
2002-03-01,60.03687738102671,-6.636645153218403,17.115551013445472,46.256268090327524
2002-03-02,59.73656997370347,-5.592133292607716,17.021540318080824,45.59172192774961
2002-03-03,59.02514285564949,-6.5678337029403995,17.723637270118324,46.25700136185563
2002-03-04,56.786934815967854,-6.288510013798099,16.951263641655945,45.422906291961226
2002-03-05,57.60038522602123,-7.277686607390601,17.60190431226045,46.540865843536544
2002-03-06,58.03023255482419,-7.446946666079751,17.26316638326805,45.61678182916312
2002-03-07,58.47973046753162,-6.909616051712793,17.456779791858672,45.23598835995018
2002-03-08,57.45226140908226,-7.527807745539725,17.06470678683948,43.206791201561536
2002-03-09,57.735401874257306,-9.09458050369882,15.996995138543415,41.14092357231679
2002-03-10,58.06943853015486,-7.9924503858071345,17.828789663123494,39.7817660768491
2002-03-11,56.50608316327803,-8.990829012913672,17.743410046379328,39.58716013326613
2002-03-12,55.280972848905336,-9.153138798147413,18.709548666522835,39.14006002484722
2002-03-13,56.997389162937,-9.391077067839614,18.55469770139645,39.295791818029414
2002-03-14,56.05840970840096,-9.431431711794682,19.424954141420695,39.146385768218266
2002-03-15,56.152526047382196,-9.858521028053946,19.430597230156327,38.87793657194085
2002-03-16,54.84702891194107,-9.588105035366425,20.848980605101357,39.61495826316658
2002-03-17,53.42776745751146,-8.396232031021414,19.6115407609807,39.07473875291586
2002-03-18,54.34406719268037,-8.346311531796779,19.561734080272146,39.749187338819155
2002-03-19,54.163098636260536,-9.528134025582352,20.72738564832607,37.761348745856615
2002-03-20,55.68247200330932,-8.033903372508183,20.476290312421682,38.43022279931811
2002-03-21,55.24779688009878,-6.1958507530424045,19.61060792206925,38.4141365320653
2002-03-22,55.78796203220004,-6.4732852052787875,20.20959345026256,38.81497747518503
2002-03-23,55.59496625678124,-7.044690856182684,20.18731857579718,39.49568586810573
2002-03-24,55.77084887247897,-7.2818804934754136,19.102717903236737,40.09655027313899
2002-03-25,56.9514306920152,-8.347583009238136,20.060340748604673,39.95471278121074
2002-03-26,55.87953526321237,-7.941891988091713,19.687191090997583,40.75563282237106
2002-03-27,54.303932773210136,-8.736958747256718,19.421251140861894,42.07674525395826
2002-03-28,54.06648442317384,-8.230839534829913,18.55358850424015,42.478432102809506
2002-03-29,55.01990088035016,-5.543695109143485,17.378423896860575,43.56739563303123
2002-03-30,54.956825587293395,-5.8248934886153485,15.72036009596284,44.2577005580156
2002-03-31,55.92608582708185,-7.478765344840577,16.231482495665148,45.05308372689786
2002-04-01,55.60044119881229,-6.879633997152185,16.14657968470812,45.46958575083801
2002-04-02,56.17073390369056,-6.902918302135895,15.873297138936742,47.0287746471037
2002-04-03,56.99594677143269,-5.437507935539402,16.931983320390753,49.32285841214199
2002-04-04,54.64281964271246,-6.11245777597037,18.19663135386601,48.988024899272276
2002-04-05,54.93538025432427,-5.659826538542791,16.14877369989691,49.51151637469697
2002-04-06,55.82311611694803,-6.188320444259132,17.09438088002268,51.432169240119
2002-04-07,54.92576694450747,-4.9144386280131815,17.764522762713334,50.83041485719724
2002-04-08,55.87271079098243,-6.181625314500844,17.348887269801782,51.309888319776604
2002-04-09,57.093062041794234,-7.428755049692364,17.600764785121168,52.44340254916268
2002-04-10,59.592315613173696,-8.907099165327594,18.279472394623305,53.029091574851144
2002-04-11,58.96046254303943,-9.992305573942586,18.255529832811995,53.22273726379477
2002-04-12,59.79909418085172,-11.016470821100258,19.29128463463855,53.427455455974
2002-04-13,59.35788023754957,-10.61873548867554,18.59341907206579,53.42536116259652
2002-04-14,57.85932412882021,-11.344371853612325,18.545466289185416,53.519921762501866
2002-04-15,57.371759920552286,-11.97978979147449,17.473272862102025,53.57582694834281
2002-04-16,55.73200328355569,-12.521797153339389,16.986310578426593,53.00380858585523
2002-04-17,56.76746863149772,-14.156628941944343,17.898455349460576,51.927616207608985
2002-04-18,55.78826905813143,-14.744172209291978,19.422790505763302,52.8611521812511
2002-04-19,57.33894556714313,-15.055878296083007,19.174217080480275,54.54912684012938
2002-04-20,57.16047992530049,-15.380440792199748,19.546795163599484,52.8219826972692
2002-04-21,57.21359217054597,-16.38569410409442,20.717902349757516,53.14050126017744
2002-04-22,55.95328142796077,-16.79607562216231,21.464883229745087,53.37865863914037
2002-04-23,56.17117849503571,-15.359274632967438,21.80980808337181,53.14792270354429
2002-04-24,55.34298256678214,-16.256669033171757,21.312865029769334,53.954145469474675
2002-04-25,55.99387226739704,-16.275875357460617,23.613059366760726,54.92433706397631
2002-04-26,57.889272518238954,-17.295310204111473,23.09463137676256,54.257008693809134
2002-04-27,55.893396797099385,-18.21936176284301,21.57211557421601,55.649948691967666
2002-04-28,55.23214106664819,-19.38036036226223,22.672878022760553,56.34839186274203
2002-04-29,55.90351346680117,-19.762570904296922,23.71364408252037,57.14737063765013
2002-04-30,55.001608272137105,-20.347530737132246,22.068446789023067,57.293281695550554
2002-05-01,54.93624428458979,-19.27887109688015,22.44932171611999,58.36426887309152
2002-05-02,54.271473246296345,-18.53338786442419,22.136918971226972,57.93672802058
2002-05-03,51.267807020652384,-18.980772689308687,22.49253033982022,59.360035791898156
2002-05-04,53.00897663947708,-18.030671158646697,21.5289458499905,59.78358101747247
2002-05-05,53.190228839973265,-18.969798972140477,20.13202604108422,59.99964884708238
2002-05-06,53.49576193479748,-17.433834028815355,22.192346553169898,59.355365768746395
2002-05-07,53.87335826789287,-18.80044888782274,23.121437485552022,59.15832257150661
2002-05-08,55.31581371395189,-20.941534139923952,22.9595184031532,61.11452509081771
2002-05-09,53.50279296772186,-21.73123612645188,23.83631800707186,61.828497502543414
2002-05-10,52.994769748095095,-23.820659944000244,23.652381740503582,62.45121945405605
2002-05-11,52.739927676682626,-24.193914857175766,22.90103970193109,61.63083850595515
2002-05-12,52.94341052478332,-23.66622273299826,21.247486652149185,62.43245479932324
2002-05-13,52.92217502896971,-23.23878722564631,20.89373022606126,62.51335335592355
2002-05-14,53.34028216142308,-23.434797560131706,20.717096695769353,62.71522220715668
2002-05-15,53.7273279509623,-21.299730581256593,20.392309464721624,62.71641413849273
2002-05-16,55.99563780651123,-22.239554106582624,19.873075802309813,63.181910072485614
2002-05-17,57.56809182824087,-22.046498718029095,18.869313895360236,64.43928210758733
2002-05-18,59.39789135303623,-22.80412346409525,18.863544981349825,63.898235862422695
2002-05-19,60.39031518235588,-23.23883352631009,19.13189698544195,63.112632204040665
2002-05-20,59.25005400709017,-23.632502754522857,17.395109897193528,64.12357467227793
2002-05-21,60.03000978536396,-23.61481638720825,15.970509868588609,62.13278118154316
2002-05-22,60.10421459467624,-22.78775546180864,16.741233995735982,61.87812999591394
2002-05-23,61.131628652801666,-23.72744001296448,14.99906509176568,63.14268371954183
2002-05-24,60.23045874896297,-23.354775858431847,14.69489578077573,64.02078409893649
2002-05-25,61.329200151573076,-22.390106419455687,13.92421867335255,64.6345235757646
2002-05-26,62.23731848236786,-21.215792086269907,13.76125332520477,64.16329490242035
2002-05-27,62.34981923329567,-22.583811939681404,15.38180540504955,64.18311087469785
2002-05-28,61.59832362582532,-22.542308410501548,15.141512894073262,65.00908607564871
2002-05-29,61.9042347229226,-21.964646353003662,15.522199931533716,65.38457546359771
2002-05-30,61.21273547833492,-25.10160532398168,16.32094654928472,65.73891059989998
2002-05-31,60.64854708618083,-24.61828990891873,15.00091496248998,65.97008833229121
2002-06-01,61.504973632842045,-22.788263911461083,14.500678242781715,65.0749555616998
2002-06-02,61.4232864290161,-21.689539676373027,15.789323103190632,66.29175928971843
2002-06-03,61.238474183318964,-22.404584308692968,13.749214209306235,65.27403658584512
2002-06-04,60.75044542325553,-22.894071105496085,13.774125168408728,65.35043257382888
2002-06-05,60.866588183061175,-24.078566525364533,12.553271623751101,64.82778880298216
2002-06-06,59.97637755870096,-23.449451800152563,12.555613575935725,65.60823477840205
2002-06-07,60.53332083564268,-22.725755399832007,11.68623196833297,64.05776003792027
2002-06-08,60.92031164559292,-23.054055804140916,11.037446552073122,64.15845871960124
2002-06-09,59.508683575857845,-22.617771088882183,11.221494083965798,65.45421578603224
2002-06-10,60.50415204533433,-21.38244927384287,11.957530771188036,66.55614062632002
2002-06-11,60.60371714136948,-22.54384517084226,12.831780954119358,66.44020471103765
2002-06-12,62.22860113806968,-22.72317717109745,11.581563998615701,65.96361432472203
2002-06-13,61.695617221484014,-23.698511011961553,13.13639816788322,66.86623059578729
2002-06-14,62.46795148469864,-22.57857416099038,14.239960500528156,68.50150215612874
2002-06-15,62.139993091742596,-21.86473911829124,13.737376274249053,68.38021930930181
2002-06-16,61.2355563880992,-23.398465296557955,13.769933493892099,67.12081666840571
2002-06-17,60.55158984191074,-23.572618725259694,14.964515764845201,66.24659096773688
2002-06-18,62.008259692487535,-22.35472242519138,16.06065374410254,65.16457966501322
2002-06-19,62.66563408613973,-20.54128265436409,16.176197432632684,64.84732261558797
2002-06-20,63.88627388928072,-21.31624659204596,15.412632971413794,63.252619651830585
2002-06-21,64.2559938204829,-21.58690717070443,14.73608100948898,61.98147812551333
2002-06-22,64.95477765868776,-20.68265523042399,14.191088734446147,62.465718569448086
2002-06-23,64.68926662375726,-20.786349827432385,12.548376971784604,64.26129794954281
2002-06-24,63.66046304731,-21.647673019351668,12.876843370591915,66.13581999139585
2002-06-25,64.22310294390824,-22.490615266891556,10.664357752529439,65.7471954949503
2002-06-26,66.21137202837431,-22.58066883256528,11.954060790939009,65.04587593353546
2002-06-27,66.02953658889986,-23.778066672703016,12.481636469767361,64.9628450226692
2002-06-28,66.47060338853414,-24.217922610829422,11.371677564870502,65.21825305151064
2002-06-29,65.69419914452085,-23.09338305071561,9.820239598299564,65.62488301176758
2002-06-30,64.25449805632414,-23.58215420911711,9.813122821246466,64.3511700258702
2002-07-01,62.91314589765542,-24.00600151022156,9.368722609286781,64.97071653176387
2002-07-02,62.952196191394236,-25.19743329750318,6.027950187233888,64.95673122829501
2002-07-03,62.870859354737846,-26.1238214003637,7.225619094058095,63.807965184607
2002-07-04,62.02899473448278,-26.094170688860164,8.812959711088329,62.82140512698489
2002-07-05,59.891879868796096,-24.024977605363866,7.208645853386682,63.80485138926904
2002-07-06,61.25325558883804,-24.213149513560996,6.767578919148247,64.71726284022235
2002-07-07,60.03083924471917,-24.12354861644681,7.109267068540916,65.42478438222982
2002-07-08,60.87586987068543,-24.76065853350734,7.500827483313503,65.41208228212204
2002-07-09,60.17299273177396,-24.099959182025014,6.46788974284952,65.14956966594052
2002-07-10,59.885373460628394,-24.188158042503485,5.801885425744431,65.41397795376803
2002-07-11,62.01636570717895,-24.301255380979608,5.750378360400569,63.65086473501287
2002-07-12,65.11010048503606,-25.478466212110305,7.754766516672355,64.2306083214466
2002-07-13,66.0045226957101,-25.85009558024414,6.947079304773098,63.635178908758995
2002-07-14,63.57605342428643,-24.092852998650606,5.583193890867825,63.86773902242998
2002-07-15,63.908960531801974,-23.057866226542707,6.518280784013184,63.44885944142239
2002-07-16,63.31837750724823,-22.944724189097986,6.9372344118789435,64.92786641167788
2002-07-17,64.5120470149553,-23.033618431620415,8.210865419142298,64.68542022824808
2002-07-18,64.62635387754221,-22.769273139956738,9.19694084958097,64.09100652148128
2002-07-19,66.7954439306256,-23.574251035796927,9.430510378013134,63.688324301724656
2002-07-20,66.34428692797202,-22.791403961896382,9.264558728736185,64.57683819819908
2002-07-21,66.76729038703604,-20.991325829279585,8.105330140605787,63.057952592798294
2002-07-22,66.12932921183267,-21.831747820842114,7.632299944708993,63.389579928704094
2002-07-23,65.33841857689646,-22.325522741561837,7.361685211974467,65.35426730733927
2002-07-24,65.51445265197647,-21.965138724414565,6.208617965121468,67.3791501267505
2002-07-25,66.63831542884616,-22.30773207043319,5.998452988639514,68.90639599681417
2002-07-26,65.92611293005903,-21.813190707129493,6.582060686076947,69.45099768105054
2002-07-27,65.74470544574845,-22.9634227994458,7.501179901547903,70.36733842232249
2002-07-28,66.74811623257422,-23.828226493762024,9.029815389946236,70.88564274202126
2002-07-29,67.9857867694143,-25.09854598754521,9.882558289141063,71.00183225976477
2002-07-30,65.447548194564,-25.986581991457886,8.574050620665552,72.15954920074212
2002-07-31,66.60871689501036,-26.94165240879013,8.763397107369991,70.90447908213136
2002-08-01,65.84332810243473,-27.51863884446227,9.25968159077649,70.95984143039712
2002-08-02,66.29863236412457,-27.44103163607193,9.044671719188266,71.3747251441496
2002-08-03,63.89506295867959,-27.249937880635787,9.464840448970541,72.46876433086383
2002-08-04,64.73455360764022,-26.67130094741935,9.657241552206314,72.63868592509961
2002-08-05,63.912301558720024,-25.709664552229984,9.770795837282977,71.10624390525372
2002-08-06,62.86324616041171,-24.72635112490796,9.42022511774985,73.00104867239622
2002-08-07,64.53786250958268,-24.71222384998895,8.24212332053744,73.85642804547805
2002-08-08,64.55452301637423,-25.970879185714345,6.5400952521907705,74.11373367135708
2002-08-09,64.8101026514805,-27.45921197498811,4.917253386321817,73.81334231402337
2002-08-10,65.07468179541972,-27.138224232479132,5.850786150908278,75.38506488109712
2002-08-11,65.14252815704279,-26.213863165887982,5.868220597581939,75.62311756017813
2002-08-12,66.73844193842746,-25.03741514850822,6.911417758978642,75.23867033356728
2002-08-13,66.5432488667949,-24.7548095876469,6.36618759526347,74.1293420709916
2002-08-14,67.12541468114135,-24.14214290718598,6.070852294947157,73.37961017715534
2002-08-15,68.47477128087914,-22.676839648494855,4.336165256081938,71.65474934627017
2002-08-16,67.09057225220427,-22.36830874869334,4.003435053466209,70.30236419738155
2002-08-17,67.38081294583026,-22.07029592189798,4.2174413422575725,70.30369412418335
2002-08-18,67.09317708265837,-22.293644382247365,2.901291038911724,69.9143508323024
2002-08-19,68.13558074289621,-22.64119143413477,5.6712964126525645,70.46735633108469
2002-08-20,67.26656810534558,-21.397093323348578,6.193922196434665,71.84876132429768
2002-08-21,66.06680385173453,-21.44560922178726,5.876051321681654,72.99010616938646
2002-08-22,66.98992065405831,-19.605315013076982,4.833825801353766,72.4551293954745
2002-08-23,67.22525733109394,-19.947559439287485,2.896768227911088,74.03683062367996
2002-08-24,67.58994482057868,-21.180634384118143,2.487304809056725,71.96981890487483
2002-08-25,68.42615307330422,-21.697617082149087,2.134385638455594,71.37705727291979
2002-08-26,68.21408083293817,-22.61801307988729,4.522966282455544,70.69744927070926
2002-08-27,67.28221671750723,-22.12790037659628,4.256210785596818,68.80925039806732
2002-08-28,67.25629457298187,-20.39806332219345,5.225687411072789,67.33056699618845
2002-08-29,66.1423648997698,-20.439541179325364,5.750999263641036,67.07513677652598
2002-08-30,64.4532759969409,-18.798914802191124,7.006349712570762,66.10530142024396
2002-08-31,63.29940699915821,-18.67262855631401,7.281207607530472,65.9350244249043
2002-09-01,63.177395688277436,-19.803120905134083,7.903218499843863,66.78840757968453
2002-09-02,62.479922458973185,-18.816357548404522,7.600583923175842,65.34601027145071
2002-09-03,64.62566818595589,-17.712329620798386,7.149278954401897,65.59425814274971
2002-09-04,64.59591272245065,-16.18274002437806,7.441030355501866,63.588088673438556
2002-09-05,63.52286900874039,-17.9389775377784,6.750424866712883,63.49651208432063
2002-09-06,63.33360852516306,-17.053538885704448,6.217745891841229,63.8148917936531
2002-09-07,62.77629461637372,-17.100762089969653,5.774930254642567,64.56870046868454
2002-09-08,61.80510170508504,-17.133037204271783,6.035916085669704,64.48963585169146
2002-09-09,62.13160606643858,-17.34258474268215,6.193042187751373,65.04511555283408
2002-09-10,61.20355954048788,-20.092738010823872,5.539403107124372,64.89735399773014
2002-09-11,60.913866071687096,-22.069203082804396,6.066117382472723,66.028966265332
2002-09-12,60.78031954254262,-22.55933853115821,6.493037285806265,66.50394171710226
2002-09-13,58.65367110612437,-22.99102889359254,4.954483734157015,67.28450928586811
2002-09-14,60.313474487316306,-23.99727211268679,5.6320523963041325,68.55622863509643
2002-09-15,59.070300972579254,-25.853532443006635,5.448611391300369,68.52021183380103
2002-09-16,59.98510177172914,-26.634184381966563,4.890063052692837,68.28825360164805
2002-09-17,60.67183535819787,-26.9604916327426,3.233436038131466,69.43070240296572
2002-09-18,58.923254727128906,-26.82365612458853,4.3479338062179895,70.62761657103852
2002-09-19,58.164025659923205,-28.800390843550684,4.438102152417474,69.84845364758873
2002-09-20,58.00013804621166,-29.354581353100652,3.9785160567091493,69.5497060493605
2002-09-21,55.820188967254325,-27.74908918660814,4.479418495655694,70.08633749719284
2002-09-22,55.74499518533488,-27.49910282086093,5.396942479770826,68.1925618939112
2002-09-23,56.51330225921952,-26.595134743798877,3.6404571236405183,67.70623122780374
2002-09-24,56.33991698615247,-26.70139871308351,2.3754314737241264,67.6371761708782
2002-09-25,56.63622176902342,-26.398094603281564,3.1601526218374025,67.09931732162485
2002-09-26,56.15183342704482,-26.334759616529396,4.6338559508921415,67.71434758803015
